<?xml version="1.0"?>
<network-scanner-config>
  <customadurl></customadurl>
  <mintotray>false</mintotray>
  <monitorinfo>false</monitorinfo>
  <httpbanner>false</httpbanner>
  <ignored></ignored>
  <nicvendor>false</nicvendor>
  <background>false</background>
  <sortnocase>false</sortnocase>
  <maxthcount>50</maxthcount>
  <maxthlimit>1000</maxthlimit>
  <maxruntime>0</maxruntime>
  <showdead>false</showdead>
  <alwaysscan>false</alwaysscan>
  <randomscan>false</randomscan>
  <warnmacdup>false</warnmacdup>
  <macaddr>true</macaddr>
  <showtime>false</showtime>
  <getipv6>false</getipv6>
  <maptype>0</maptype>
  <hostname>true</hostname>
  <hosttype>2</hosttype>
  <reverse>false</reverse>
  <hostcheck>7</hostcheck>
  <macparam>
    <item>
      <method>0</method>
      <enabled>true</enabled>
    </item>
    <item>
      <method>1</method>
      <enabled>true</enabled>
    </item>
    <item>
      <method>2</method>
      <enabled>false</enabled>
      <snmpcomm>public</snmpcomm>
      <snmpaddr></snmpaddr>
    </item>
  </macparam>
  <comments/>
  <mapnames/>
  <portgroups>
    <item>
      <ident>HTTP and Proxy</ident>
      <value>80, 443, 3128, 8080</value>
    </item>
    <item>
      <ident>FTP and SFTP</ident>
      <value>21, 115</value>
    </item>
    <item>
      <ident>Database servers</ident>
      <value>1433, 3050, 3306, 5432</value>
    </item>
  </portgroups>
  <ranges>172.29.80.1-172.29.80.254</ranges>
  <ping>
    <timeout>1000</timeout>
    <attempts>1</attempts>
    <method>2</method>
    <broadcast>false</broadcast>
    <jitter>
      <enabled>false</enabled>
      <samples>10</samples>
    </jitter>
  </ping>
  <ports>
    <tcp>
      <enabled>true</enabled>
      <portlist>20,21,22,23,145,80,8080,8000,389,3389,53</portlist>
      <getnames>false</getnames>
    </tcp>
    <udp>
      <dns>false</dns>
      <ntp>false</ntp>
      <tftp>false</tftp>
      <nbns>false</nbns>
    </udp>
    <banner>
      <enabled>false</enabled>
      <portlist>21f, 80, 443s, 3128, 8080, 16992</portlist>
    </banner>
  </ports>
  <shares>
    <enabled>true</enabled>
    <filter>1</filter>
    <secinfo>false</secinfo>
    <checkwrite>true</checkwrite>
    <diskspace>true</diskspace>
  </shares>
  <workstation>
    <installedapps>true</installedapps>
    <omitduplogons>false</omitduplogons>
    <accounts>true</accounts>
    <comment>true</comment>
    <datetime>true</datetime>
    <diskdrives>true</diskdrives>
    <langroup>true</langroup>
    <loggedsids>true</loggedsids>
    <loggedusers>true</loggedusers>
    <osversion>true</osversion>
    <roles>true</roles>
    <uptime>true</uptime>
  </workstation>
  <bookmarks/>
  <recent></recent>
  <autoopen>false</autoopen>
  <history>
    <item>
      <data>172.29.77.1-172.29.77.254</data>
    </item>
    <item>
      <data>10.10.10.1-10.10.10.254</data>
    </item>
    <item>
      <data>10.70.0.1-10.70.0.254</data>
    </item>
    <item>
      <data>172.29.75.1-172.29.75.254</data>
    </item>
    <item>
      <data>172.29.80.1-172.29.80.254</data>
    </item>
  </history>
  <remote>
    <files>
      <item>
        <checked>false</checked>
        <name>Outlook Ver</name>
        <filename>C:\Program Files\Outlook Express\msimn.exe</filename>
        <property>2</property>
      </item>
    </files>
    <registry>
      <item>
        <checked>false</checked>
        <name>DirectX Version</name>
        <keyname>SOFTWARE\Microsoft\DirectX</keyname>
        <param>version</param>
        <action>0</action>
        <root>HKLM</root>
      </item>
      <item>
        <checked>false</checked>
        <name>Internet Explorer Version</name>
        <keyname>SOFTWARE\Microsoft\Internet Explorer</keyname>
        <param>version</param>
        <action>0</action>
        <root>HKLM</root>
      </item>
      <item>
        <checked>false</checked>
        <name>CPU Make/Model</name>
        <keyname>HARDWARE\DESCRIPTION\System\CentralProcessor\0</keyname>
        <param>ProcessorNameString</param>
        <action>0</action>
        <root>HKLM</root>
      </item>
      <item>
        <checked>false</checked>
        <name>BIOS Version</name>
        <keyname>HARDWARE\DESCRIPTION\System</keyname>
        <param>SystemBiosVersion</param>
        <action>0</action>
        <root>HKLM</root>
      </item>
      <item>
        <checked>false</checked>
        <name>Registered Owner</name>
        <keyname>SOFTWARE\Microsoft\Windows NT\CurrentVersion</keyname>
        <param>RegisteredOwner</param>
        <action>0</action>
        <root>HKLM</root>
      </item>
      <item>
        <checked>false</checked>
        <name>Registered Organization</name>
        <keyname>SOFTWARE\Microsoft\Windows NT\CurrentVersion</keyname>
        <param>RegisteredOrganization</param>
        <action>0</action>
        <root>HKLM</root>
      </item>
      <item>
        <checked>false</checked>
        <name>Service Pack</name>
        <keyname>SOFTWARE\Microsoft\Windows NT\CurrentVersion</keyname>
        <param>CSDVersion</param>
        <action>0</action>
        <root>HKLM</root>
      </item>
      <item>
        <checked>false</checked>
        <name>Windows Version</name>
        <keyname>SOFTWARE\Microsoft\Windows NT\CurrentVersion</keyname>
        <param>CurrentVersion</param>
        <action>0</action>
        <root>HKLM</root>
      </item>
      <item>
        <checked>false</checked>
        <name>Windows Type</name>
        <keyname>SOFTWARE\Microsoft\Windows NT\CurrentVersion</keyname>
        <param>ProductName</param>
        <action>0</action>
        <root>HKLM</root>
      </item>
    </registry>
    <services>
      <item>
        <checked>false</checked>
        <name>Messenger status</name>
        <service>messenger</service>
        <property>0</property>
      </item>
      <item>
        <checked>false</checked>
        <name>Automatic Updates status</name>
        <service>wuauserv</service>
        <property>0</property>
      </item>
      <item>
        <checked>false</checked>
        <name>Wireless Zero Config startup type</name>
        <service>WZCSVC</service>
        <property>2</property>
      </item>
    </services>
    <wmi>
      <item>
        <checked>false</checked>
        <name>Windows Name</name>
        <query>SELECT Name FROM Win32_OperatingSystem</query>
        <namespace>CIMV2</namespace>
      </item>
      <item>
        <checked>false</checked>
        <name>CPU Make/Model</name>
        <query>SELECT Name FROM Win32_Processor</query>
        <namespace>CIMV2</namespace>
      </item>
      <item>
        <checked>false</checked>
        <name>RAM Size</name>
        <query>SELECT TotalPhysicalMemory FROM Win32_ComputerSystem</query>
        <namespace>CIMV2</namespace>
      </item>
      <item>
        <checked>false</checked>
        <name>Computer Model</name>
        <query>SELECT Model FROM Win32_ComputerSystem</query>
        <namespace>CIMV2</namespace>
      </item>
      <item>
        <checked>false</checked>
        <name>PartNumber</name>
        <query>SELECT PartNumber FROM Win32_SystemEnclosure</query>
        <namespace>CIMV2</namespace>
      </item>
      <item>
        <checked>false</checked>
        <name>Serial Number</name>
        <query>SELECT SerialNumber FROM Win32_SystemEnclosure</query>
        <namespace>CIMV2</namespace>
      </item>
      <item>
        <checked>false</checked>
        <name>Asset Tag</name>
        <query>SELECT SMBIOSAssetTag FROM Win32_SystemEnclosure</query>
        <namespace>CIMV2</namespace>
      </item>
    </wmi>
    <snmp>
      <item>
        <checked>false</checked>
        <name>Hostname</name>
        <oid>1.3.6.1.2.1.1.5.0</oid>
        <community>public</community>
        <showcomm>false</showcomm>
        <version>0</version>
        <seclevel>0</seclevel>
        <enctype>0</enctype>
        <username></username>
        <authpass></authpass>
        <datapass></datapass>
      </item>
      <item>
        <checked>false</checked>
        <name>Uptime</name>
        <oid>1.3.6.1.2.1.1.3.0</oid>
        <community>public</community>
        <showcomm>false</showcomm>
        <version>0</version>
        <seclevel>0</seclevel>
        <enctype>0</enctype>
        <username></username>
        <authpass></authpass>
        <datapass></datapass>
      </item>
      <item>
        <checked>false</checked>
        <name>System Description</name>
        <oid>1.3.6.1.2.1.1.1.0</oid>
        <community>public</community>
        <showcomm>false</showcomm>
        <version>0</version>
        <seclevel>0</seclevel>
        <enctype>0</enctype>
        <username></username>
        <authpass></authpass>
        <datapass></datapass>
      </item>
      <item>
        <checked>false</checked>
        <name>System Contact</name>
        <oid>1.3.6.1.2.1.1.4.0</oid>
        <community>public</community>
        <showcomm>false</showcomm>
        <version>0</version>
        <seclevel>0</seclevel>
        <enctype>0</enctype>
        <username></username>
        <authpass></authpass>
        <datapass></datapass>
      </item>
      <item>
        <checked>false</checked>
        <name>System Location</name>
        <oid>1.3.6.1.2.1.1.6.0</oid>
        <community>public</community>
        <showcomm>false</showcomm>
        <version>0</version>
        <seclevel>0</seclevel>
        <enctype>0</enctype>
        <username></username>
        <authpass></authpass>
        <datapass></datapass>
      </item>
    </snmp>
    <groups>
      <item>
        <checked>false</checked>
        <name>Administrators</name>
        <member>Administrators</member>
        <property>0</property>
        <strip>false</strip>
      </item>
      <item>
        <checked>false</checked>
        <name>Guest membership</name>
        <member>Guest</member>
        <property>2</property>
        <strip>false</strip>
      </item>
      <item>
        <checked>false</checked>
        <name>Guest membership</name>
        <member>Guest</member>
        <property>3</property>
        <strip>false</strip>
      </item>
    </groups>
    <xml>
      <item>
        <checked>false</checked>
        <name>Integrated Lights-Out S/N</name>
        <port>17988</port>
        <path>xmldata?item=All</path>
        <query>/RIMP/MP/SN</query>
        <parse>0</parse>
      </item>
      <item>
        <checked>false</checked>
        <name>Integrated Lights-Out Model</name>
        <port>17988</port>
        <path>xmldata?item=All</path>
        <query>/RIMP/HSI/SPN</query>
        <parse>0</parse>
      </item>
      <item>
        <checked>false</checked>
        <name>HTML Page Title</name>
        <port>80</port>
        <path></path>
        <query>&lt;title[^&gt;]*&gt;(.*?)&lt;/title&gt;</query>
        <parse>1</parse>
      </item>
      <item>
        <checked>false</checked>
        <name>PowerLogic EGX100 S/N</name>
        <port>80</port>
        <path>diagnostics.htm</path>
        <query>Serial Number:[^&gt;]*&lt;/td&gt;\s*&lt;td[^&gt;]*&gt;(\w*)&lt;/td&gt;</query>
        <parse>1</parse>
      </item>
    </xml>
    <performance>
      <item>
        <checked>false</checked>
        <name>Windows Explorer process ID</name>
        <query>\Process(explorer)\ID Process</query>
      </item>
      <item>
        <checked>false</checked>
        <name>List of processes and their ID</name>
        <query>\Process(*)\ID Process</query>
      </item>
      <item>
        <checked>false</checked>
        <name>CPU Usage, %</name>
        <query>\Processor(_Total)\% Processor Time</query>
      </item>
      <item>
        <checked>false</checked>
        <name>Number of queued print jobs</name>
        <query>\Print Queue(*)\Jobs</query>
      </item>
      <item>
        <checked>false</checked>
        <name>Network interface bandwidth</name>
        <query>\Network Interface(*)\Current Bandwidth</query>
      </item>
    </performance>
  </remote>
  <liveinfo>
    <enabled>false</enabled>
    <discover>2</discover>
    <clearoff>true</clearoff>
    <notify>
      <enabled>true</enabled>
      <sound>
        <enabled>false</enabled>
        <filename></filename>
      </sound>
      <execute>
        <enabled>false</enabled>
        <filename></filename>
      </execute>
      <logtofile>
        <enabled>false</enabled>
        <filename></filename>
      </logtofile>
      <sendemail>
        <enabled>false</enabled>
        <smtpserver></smtpserver>
        <smtpport>25</smtpport>
        <smtpuser></smtpuser>
        <smtppass></smtppass>
        <smtptype>0</smtptype>
        <recipient></recipient>
      </sendemail>
    </notify>
    <window>
      <width>460</width>
      <height>300</height>
      <left>490</left>
      <top>390</top>
    </window>
  </liveinfo>
  <auth>
    <credentials/>
    <wksta>
      <enabled>false</enabled>
      <id>{00000000-0000-0000-0000-000000000000}</id>
    </wksta>
    <wmi>
      <enabled>false</enabled>
      <id>{00000000-0000-0000-0000-000000000000}</id>
    </wmi>
    <share>
      <enabled>false</enabled>
      <id>{00000000-0000-0000-0000-000000000000}</id>
    </share>
    <shutdown>
      <enabled>false</enabled>
      <id>{00000000-0000-0000-0000-000000000000}</id>
    </shutdown>
    <xml>
      <enabled>false</enabled>
      <id>{00000000-0000-0000-0000-000000000000}</id>
    </xml>
  </auth>
  <filter>
    <folder>
      <enabled>false</enabled>
      <common>false</common>
      <printer>false</printer>
      <writable>false</writable>
      <restricted>false</restricted>
      <administrative>false</administrative>
    </folder>
    <custom>
      <visible>false</visible>
      <recent/>
    </custom>
  </filter>
  <wol>
    <defaddr>255.255.255.255</defaddr>
    <defport>30000</defport>
    <delay>0</delay>
    <targets/>
  </wol>
  <apps>
    <item>
      <name>Computer Management</name>
      <command>mmc.exe compmgmt.msc /computer:%0</command>
      <hotkey>16461</hotkey>
      <enabled>true</enabled>
    </item>
    <item>
      <name>Remote Desktop</name>
      <command>mstsc.exe /v:%0</command>
      <hotkey>16466</hotkey>
      <enabled>true</enabled>
    </item>
  </apps>
  <appvars/>
  <view>
    <maximized>true</maximized>
    <autoexpand>false</autoexpand>
    <horlines>false</horlines>
    <verlines>false</verlines>
    <oddcolor>-16777211</oddcolor>
    <evencolor>-16777211</evencolor>
    <highlightcolor>255</highlightcolor>
    <macseparator>0</macseparator>
    <foldrepeated>true</foldrepeated>
    <csvencoding>0</csvencoding>
    <custcsvdelim>false</custcsvdelim>
    <csvdelimchar>,</csvdelimchar>
    <font>
      <name>Tahoma</name>
      <charset>0</charset>
      <color>-16777208</color>
      <size>8</size>
      <style>0</style>
    </font>
    <shortcuts>
      <scan>16397</scan>
      <save>16467</save>
      <options>16463</options>
      <find>16454</find>
      <load>16460</load>
      <switchipcontrols>9</switchipcontrols>
      <pasteip>16464</pasteip>
      <remotewmi>16471</remotewmi>
      <searchforward>114</searchforward>
      <assignfriendlyname>113</assignfriendlyname>
      <filter>16457</filter>
    </shortcuts>
    <bannerdate>0</bannerdate>
  </view>
  <columns>
    <item>
      <visible>true</visible>
      <backcolor>-16777211</backcolor>
      <textcolor>-16777208</textcolor>
      <regex></regex>
      <width>156</width>
      <pos>0</pos>
      <index>0</index>
    </item>
    <item>
      <visible>true</visible>
      <backcolor>-16777211</backcolor>
      <textcolor>-16777208</textcolor>
      <regex></regex>
      <width>190</width>
      <pos>1</pos>
      <index>1</index>
    </item>
    <item>
      <visible>true</visible>
      <backcolor>-16777211</backcolor>
      <textcolor>-16777208</textcolor>
      <regex></regex>
      <width>149</width>
      <pos>2</pos>
      <index>2</index>
    </item>
    <item>
      <visible>true</visible>
      <backcolor>-16777211</backcolor>
      <textcolor>-16777208</textcolor>
      <regex></regex>
      <width>106</width>
      <pos>3</pos>
      <index>3</index>
    </item>
    <item>
      <visible>true</visible>
      <backcolor>-16777211</backcolor>
      <textcolor>-16777208</textcolor>
      <regex></regex>
      <width>138</width>
      <pos>4</pos>
      <index>4</index>
    </item>
    <item>
      <visible>true</visible>
      <backcolor>-16777211</backcolor>
      <textcolor>-16777208</textcolor>
      <regex></regex>
      <width>50</width>
      <pos>5</pos>
      <index>5</index>
    </item>
    <item>
      <visible>true</visible>
      <backcolor>-16777211</backcolor>
      <textcolor>-16777208</textcolor>
      <regex></regex>
      <width>50</width>
      <pos>6</pos>
      <index>6</index>
    </item>
    <item>
      <visible>true</visible>
      <backcolor>-16777211</backcolor>
      <textcolor>-16777208</textcolor>
      <regex></regex>
      <width>110</width>
      <pos>7</pos>
      <index>7</index>
    </item>
    <item>
      <visible>true</visible>
      <backcolor>-16777211</backcolor>
      <textcolor>-16777208</textcolor>
      <regex></regex>
      <width>97</width>
      <pos>8</pos>
      <index>8</index>
    </item>
    <item>
      <visible>true</visible>
      <backcolor>-16777211</backcolor>
      <textcolor>-16777208</textcolor>
      <regex></regex>
      <width>50</width>
      <pos>9</pos>
      <index>9</index>
    </item>
    <item>
      <visible>true</visible>
      <backcolor>-16777211</backcolor>
      <textcolor>-16777208</textcolor>
      <regex></regex>
      <width>50</width>
      <pos>10</pos>
      <index>10</index>
    </item>
    <item>
      <visible>true</visible>
      <backcolor>-16777211</backcolor>
      <textcolor>-16777208</textcolor>
      <regex></regex>
      <width>50</width>
      <pos>11</pos>
      <index>11</index>
    </item>
    <item>
      <visible>true</visible>
      <backcolor>-16777211</backcolor>
      <textcolor>-16777208</textcolor>
      <regex></regex>
      <width>50</width>
      <pos>12</pos>
      <index>12</index>
    </item>
    <item>
      <visible>true</visible>
      <backcolor>-16777211</backcolor>
      <textcolor>-16777208</textcolor>
      <regex></regex>
      <width>77</width>
      <pos>13</pos>
      <index>13</index>
    </item>
    <item>
      <visible>true</visible>
      <backcolor>-16777211</backcolor>
      <textcolor>-16777208</textcolor>
      <regex></regex>
      <width>68</width>
      <pos>14</pos>
      <index>14</index>
    </item>
    <item>
      <visible>true</visible>
      <backcolor>-16777211</backcolor>
      <textcolor>-16777208</textcolor>
      <regex></regex>
      <width>50</width>
      <pos>15</pos>
      <index>15</index>
    </item>
    <item>
      <visible>true</visible>
      <backcolor>-16777211</backcolor>
      <textcolor>-16777208</textcolor>
      <regex></regex>
      <width>50</width>
      <pos>16</pos>
      <index>16</index>
    </item>
    <item>
      <visible>true</visible>
      <backcolor>-16777211</backcolor>
      <textcolor>-16777208</textcolor>
      <regex></regex>
      <width>50</width>
      <pos>17</pos>
      <index>17</index>
    </item>
    <item>
      <visible>true</visible>
      <backcolor>-16777211</backcolor>
      <textcolor>-16777208</textcolor>
      <regex></regex>
      <width>50</width>
      <pos>18</pos>
      <index>18</index>
    </item>
    <item>
      <visible>true</visible>
      <backcolor>-16777211</backcolor>
      <textcolor>-16777208</textcolor>
      <regex></regex>
      <width>50</width>
      <pos>19</pos>
      <index>19</index>
    </item>
    <item>
      <visible>true</visible>
      <backcolor>-16777211</backcolor>
      <textcolor>-16777208</textcolor>
      <regex></regex>
      <width>107</width>
      <pos>20</pos>
      <index>20</index>
    </item>
    <item>
      <visible>true</visible>
      <backcolor>-16777211</backcolor>
      <textcolor>-16777208</textcolor>
      <regex></regex>
      <width>185</width>
      <pos>21</pos>
      <index>21</index>
    </item>
    <item>
      <visible>true</visible>
      <backcolor>-16777211</backcolor>
      <textcolor>-16777208</textcolor>
      <regex></regex>
      <width>50</width>
      <pos>22</pos>
      <index>22</index>
    </item>
    <item>
      <visible>true</visible>
      <backcolor>-16777211</backcolor>
      <textcolor>-16777208</textcolor>
      <regex></regex>
      <width>50</width>
      <pos>23</pos>
      <index>23</index>
    </item>
    <item>
      <visible>true</visible>
      <backcolor>-16777211</backcolor>
      <textcolor>-16777208</textcolor>
      <regex></regex>
      <width>50</width>
      <pos>24</pos>
      <index>24</index>
    </item>
    <item>
      <visible>true</visible>
      <backcolor>-16777211</backcolor>
      <textcolor>-16777208</textcolor>
      <regex></regex>
      <width>50</width>
      <pos>25</pos>
      <index>25</index>
    </item>
    <item>
      <visible>true</visible>
      <backcolor>-16777211</backcolor>
      <textcolor>-16777208</textcolor>
      <regex></regex>
      <width>50</width>
      <pos>26</pos>
      <index>26</index>
    </item>
    <item>
      <visible>true</visible>
      <backcolor>-16777211</backcolor>
      <textcolor>-16777208</textcolor>
      <regex></regex>
      <width>50</width>
      <pos>27</pos>
      <index>27</index>
    </item>
    <item>
      <visible>true</visible>
      <backcolor>-16777211</backcolor>
      <textcolor>-16777208</textcolor>
      <regex></regex>
      <width>50</width>
      <pos>28</pos>
      <index>28</index>
    </item>
    <item>
      <visible>true</visible>
      <backcolor>-16777211</backcolor>
      <textcolor>-16777208</textcolor>
      <regex></regex>
      <width>50</width>
      <pos>29</pos>
      <index>29</index>
    </item>
    <item>
      <visible>true</visible>
      <backcolor>-16777211</backcolor>
      <textcolor>-16777208</textcolor>
      <regex></regex>
      <width>50</width>
      <pos>30</pos>
      <index>30</index>
    </item>
    <item>
      <visible>true</visible>
      <backcolor>-16777211</backcolor>
      <textcolor>-16777208</textcolor>
      <regex></regex>
      <width>50</width>
      <pos>31</pos>
      <index>31</index>
    </item>
    <item>
      <visible>true</visible>
      <backcolor>-16777211</backcolor>
      <textcolor>-16777208</textcolor>
      <regex></regex>
      <width>50</width>
      <pos>32</pos>
      <index>32</index>
    </item>
    <item>
      <visible>true</visible>
      <backcolor>-16777211</backcolor>
      <textcolor>-16777208</textcolor>
      <regex></regex>
      <width>50</width>
      <pos>33</pos>
      <index>33</index>
    </item>
    <item>
      <visible>true</visible>
      <backcolor>-16777211</backcolor>
      <textcolor>-16777208</textcolor>
      <regex></regex>
      <width>50</width>
      <pos>34</pos>
      <index>34</index>
    </item>
    <item>
      <visible>true</visible>
      <backcolor>-16777211</backcolor>
      <textcolor>-16777208</textcolor>
      <regex></regex>
      <width>50</width>
      <pos>35</pos>
      <index>35</index>
    </item>
    <item>
      <visible>true</visible>
      <backcolor>-16777211</backcolor>
      <textcolor>-16777208</textcolor>
      <regex></regex>
      <width>50</width>
      <pos>36</pos>
      <index>36</index>
    </item>
    <item>
      <visible>true</visible>
      <backcolor>-16777211</backcolor>
      <textcolor>-16777208</textcolor>
      <regex></regex>
      <width>50</width>
      <pos>37</pos>
      <index>37</index>
    </item>
    <item>
      <visible>true</visible>
      <backcolor>-16777211</backcolor>
      <textcolor>-16777208</textcolor>
      <regex></regex>
      <width>50</width>
      <pos>38</pos>
      <index>38</index>
    </item>
    <item>
      <visible>true</visible>
      <backcolor>-16777211</backcolor>
      <textcolor>-16777208</textcolor>
      <regex></regex>
      <width>50</width>
      <pos>39</pos>
      <index>39</index>
    </item>
    <item>
      <visible>true</visible>
      <backcolor>-16777211</backcolor>
      <textcolor>-16777208</textcolor>
      <regex></regex>
      <width>50</width>
      <pos>40</pos>
      <index>40</index>
    </item>
    <item>
      <visible>true</visible>
      <backcolor>-16777211</backcolor>
      <textcolor>-16777208</textcolor>
      <regex></regex>
      <width>50</width>
      <pos>41</pos>
      <index>41</index>
    </item>
    <item>
      <visible>true</visible>
      <backcolor>-16777211</backcolor>
      <textcolor>-16777208</textcolor>
      <regex></regex>
      <width>50</width>
      <pos>42</pos>
      <index>42</index>
    </item>
    <item>
      <visible>true</visible>
      <backcolor>-16777211</backcolor>
      <textcolor>-16777208</textcolor>
      <regex></regex>
      <width>50</width>
      <pos>43</pos>
      <index>43</index>
    </item>
    <item>
      <visible>true</visible>
      <backcolor>-16777211</backcolor>
      <textcolor>-16777208</textcolor>
      <regex></regex>
      <width>50</width>
      <pos>44</pos>
      <index>44</index>
    </item>
    <item>
      <visible>true</visible>
      <backcolor>-16777211</backcolor>
      <textcolor>-16777208</textcolor>
      <regex></regex>
      <width>50</width>
      <pos>45</pos>
      <index>45</index>
    </item>
    <item>
      <visible>true</visible>
      <backcolor>-16777211</backcolor>
      <textcolor>-16777208</textcolor>
      <regex></regex>
      <width>50</width>
      <pos>46</pos>
      <index>46</index>
    </item>
    <item>
      <visible>true</visible>
      <backcolor>-16777211</backcolor>
      <textcolor>-16777208</textcolor>
      <regex></regex>
      <width>50</width>
      <pos>47</pos>
      <index>47</index>
    </item>
    <item>
      <visible>true</visible>
      <backcolor>-16777211</backcolor>
      <textcolor>-16777208</textcolor>
      <regex></regex>
      <width>50</width>
      <pos>48</pos>
      <index>48</index>
    </item>
    <item>
      <visible>true</visible>
      <backcolor>-16777211</backcolor>
      <textcolor>-16777208</textcolor>
      <regex></regex>
      <width>50</width>
      <pos>49</pos>
      <index>49</index>
    </item>
    <item>
      <visible>true</visible>
      <backcolor>-16777211</backcolor>
      <textcolor>-16777208</textcolor>
      <regex></regex>
      <width>50</width>
      <pos>50</pos>
      <index>50</index>
    </item>
    <item>
      <visible>true</visible>
      <backcolor>-16777211</backcolor>
      <textcolor>-16777208</textcolor>
      <regex></regex>
      <width>50</width>
      <pos>51</pos>
      <index>51</index>
    </item>
    <item>
      <visible>true</visible>
      <backcolor>-16777211</backcolor>
      <textcolor>-16777208</textcolor>
      <regex></regex>
      <width>50</width>
      <pos>52</pos>
      <index>52</index>
    </item>
    <item>
      <visible>true</visible>
      <backcolor>-16777211</backcolor>
      <textcolor>-16777208</textcolor>
      <regex></regex>
      <width>50</width>
      <pos>53</pos>
      <index>53</index>
    </item>
    <item>
      <visible>true</visible>
      <backcolor>-16777211</backcolor>
      <textcolor>-16777208</textcolor>
      <regex></regex>
      <width>50</width>
      <pos>54</pos>
      <index>54</index>
    </item>
    <item>
      <visible>true</visible>
      <backcolor>-16777211</backcolor>
      <textcolor>-16777208</textcolor>
      <regex></regex>
      <width>50</width>
      <pos>55</pos>
      <index>55</index>
    </item>
    <item>
      <visible>true</visible>
      <backcolor>-16777211</backcolor>
      <textcolor>-16777208</textcolor>
      <regex></regex>
      <width>50</width>
      <pos>56</pos>
      <index>56</index>
    </item>
    <item>
      <visible>true</visible>
      <backcolor>-16777211</backcolor>
      <textcolor>-16777208</textcolor>
      <regex></regex>
      <width>50</width>
      <pos>57</pos>
      <index>57</index>
    </item>
    <item>
      <visible>true</visible>
      <backcolor>-16777211</backcolor>
      <textcolor>-16777208</textcolor>
      <regex></regex>
      <width>50</width>
      <pos>58</pos>
      <index>58</index>
    </item>
    <item>
      <visible>true</visible>
      <backcolor>-16777211</backcolor>
      <textcolor>-16777208</textcolor>
      <regex></regex>
      <width>50</width>
      <pos>59</pos>
      <index>59</index>
    </item>
    <item>
      <visible>true</visible>
      <backcolor>-16777211</backcolor>
      <textcolor>-16777208</textcolor>
      <regex></regex>
      <width>50</width>
      <pos>60</pos>
      <index>60</index>
    </item>
    <item>
      <visible>true</visible>
      <backcolor>-16777211</backcolor>
      <textcolor>-16777208</textcolor>
      <regex></regex>
      <width>50</width>
      <pos>61</pos>
      <index>61</index>
    </item>
    <item>
      <visible>true</visible>
      <backcolor>-16777211</backcolor>
      <textcolor>-16777208</textcolor>
      <regex></regex>
      <width>50</width>
      <pos>62</pos>
      <index>62</index>
    </item>
    <item>
      <visible>true</visible>
      <backcolor>-16777211</backcolor>
      <textcolor>-16777208</textcolor>
      <regex></regex>
      <width>50</width>
      <pos>63</pos>
      <index>63</index>
    </item>
    <item>
      <visible>true</visible>
      <backcolor>-16777211</backcolor>
      <textcolor>-16777208</textcolor>
      <regex></regex>
      <width>50</width>
      <pos>64</pos>
      <index>64</index>
    </item>
    <item>
      <visible>true</visible>
      <backcolor>-16777211</backcolor>
      <textcolor>-16777208</textcolor>
      <regex></regex>
      <width>50</width>
      <pos>65</pos>
      <index>65</index>
    </item>
    <item>
      <visible>true</visible>
      <backcolor>-16777211</backcolor>
      <textcolor>-16777208</textcolor>
      <regex></regex>
      <width>50</width>
      <pos>66</pos>
      <index>66</index>
    </item>
    <item>
      <visible>true</visible>
      <backcolor>-16777211</backcolor>
      <textcolor>-16777208</textcolor>
      <regex></regex>
      <width>50</width>
      <pos>67</pos>
      <index>67</index>
    </item>
    <item>
      <visible>true</visible>
      <backcolor>-16777211</backcolor>
      <textcolor>-16777208</textcolor>
      <regex></regex>
      <width>50</width>
      <pos>68</pos>
      <index>68</index>
    </item>
    <item>
      <visible>true</visible>
      <backcolor>-16777211</backcolor>
      <textcolor>-16777208</textcolor>
      <regex></regex>
      <width>50</width>
      <pos>69</pos>
      <index>69</index>
    </item>
    <item>
      <visible>true</visible>
      <backcolor>-16777211</backcolor>
      <textcolor>-16777208</textcolor>
      <regex></regex>
      <width>50</width>
      <pos>70</pos>
      <index>70</index>
    </item>
    <item>
      <visible>true</visible>
      <backcolor>-16777211</backcolor>
      <textcolor>-16777208</textcolor>
      <regex></regex>
      <width>50</width>
      <pos>71</pos>
      <index>71</index>
    </item>
    <item>
      <visible>true</visible>
      <backcolor>-16777211</backcolor>
      <textcolor>-16777208</textcolor>
      <regex></regex>
      <width>50</width>
      <pos>72</pos>
      <index>72</index>
    </item>
    <item>
      <visible>true</visible>
      <backcolor>-16777211</backcolor>
      <textcolor>-16777208</textcolor>
      <regex></regex>
      <width>50</width>
      <pos>73</pos>
      <index>73</index>
    </item>
    <item>
      <visible>true</visible>
      <backcolor>-16777211</backcolor>
      <textcolor>-16777208</textcolor>
      <regex></regex>
      <width>50</width>
      <pos>74</pos>
      <index>74</index>
    </item>
    <item>
      <visible>true</visible>
      <backcolor>-16777211</backcolor>
      <textcolor>-16777208</textcolor>
      <regex></regex>
      <width>50</width>
      <pos>75</pos>
      <index>75</index>
    </item>
    <item>
      <visible>true</visible>
      <backcolor>-16777211</backcolor>
      <textcolor>-16777208</textcolor>
      <regex></regex>
      <width>50</width>
      <pos>76</pos>
      <index>76</index>
    </item>
    <item>
      <visible>true</visible>
      <backcolor>-16777211</backcolor>
      <textcolor>-16777208</textcolor>
      <regex></regex>
      <width>50</width>
      <pos>77</pos>
      <index>77</index>
    </item>
    <item>
      <visible>true</visible>
      <backcolor>-16777211</backcolor>
      <textcolor>-16777208</textcolor>
      <regex></regex>
      <width>50</width>
      <pos>78</pos>
      <index>78</index>
    </item>
    <item>
      <visible>true</visible>
      <backcolor>-16777211</backcolor>
      <textcolor>-16777208</textcolor>
      <regex></regex>
      <width>50</width>
      <pos>79</pos>
      <index>79</index>
    </item>
    <item>
      <visible>true</visible>
      <backcolor>-16777211</backcolor>
      <textcolor>-16777208</textcolor>
      <regex></regex>
      <width>50</width>
      <pos>80</pos>
      <index>80</index>
    </item>
    <item>
      <visible>true</visible>
      <backcolor>-16777211</backcolor>
      <textcolor>-16777208</textcolor>
      <regex></regex>
      <width>50</width>
      <pos>81</pos>
      <index>81</index>
    </item>
    <item>
      <visible>true</visible>
      <backcolor>-16777211</backcolor>
      <textcolor>-16777208</textcolor>
      <regex></regex>
      <width>50</width>
      <pos>82</pos>
      <index>82</index>
    </item>
    <item>
      <visible>true</visible>
      <backcolor>-16777211</backcolor>
      <textcolor>-16777208</textcolor>
      <regex></regex>
      <width>50</width>
      <pos>83</pos>
      <index>83</index>
    </item>
    <item>
      <visible>true</visible>
      <backcolor>-16777211</backcolor>
      <textcolor>-16777208</textcolor>
      <regex></regex>
      <width>50</width>
      <pos>84</pos>
      <index>84</index>
    </item>
    <item>
      <visible>true</visible>
      <backcolor>-16777211</backcolor>
      <textcolor>-16777208</textcolor>
      <regex></regex>
      <width>50</width>
      <pos>85</pos>
      <index>85</index>
    </item>
    <item>
      <visible>true</visible>
      <backcolor>-16777211</backcolor>
      <textcolor>-16777208</textcolor>
      <regex></regex>
      <width>50</width>
      <pos>86</pos>
      <index>86</index>
    </item>
    <item>
      <visible>true</visible>
      <backcolor>-16777211</backcolor>
      <textcolor>-16777208</textcolor>
      <regex></regex>
      <width>50</width>
      <pos>87</pos>
      <index>87</index>
    </item>
    <item>
      <visible>true</visible>
      <backcolor>-16777211</backcolor>
      <textcolor>-16777208</textcolor>
      <regex></regex>
      <width>50</width>
      <pos>88</pos>
      <index>88</index>
    </item>
    <item>
      <visible>true</visible>
      <backcolor>-16777211</backcolor>
      <textcolor>-16777208</textcolor>
      <regex></regex>
      <width>50</width>
      <pos>89</pos>
      <index>89</index>
    </item>
    <item>
      <visible>true</visible>
      <backcolor>-16777211</backcolor>
      <textcolor>-16777208</textcolor>
      <regex></regex>
      <width>50</width>
      <pos>90</pos>
      <index>90</index>
    </item>
    <item>
      <visible>true</visible>
      <backcolor>-16777211</backcolor>
      <textcolor>-16777208</textcolor>
      <regex></regex>
      <width>50</width>
      <pos>91</pos>
      <index>91</index>
    </item>
    <item>
      <visible>true</visible>
      <backcolor>-16777211</backcolor>
      <textcolor>-16777208</textcolor>
      <regex></regex>
      <width>50</width>
      <pos>92</pos>
      <index>92</index>
    </item>
    <item>
      <visible>true</visible>
      <backcolor>-16777211</backcolor>
      <textcolor>-16777208</textcolor>
      <regex></regex>
      <width>50</width>
      <pos>93</pos>
      <index>93</index>
    </item>
    <item>
      <visible>true</visible>
      <backcolor>-16777211</backcolor>
      <textcolor>-16777208</textcolor>
      <regex></regex>
      <width>50</width>
      <pos>94</pos>
      <index>94</index>
    </item>
    <item>
      <visible>true</visible>
      <backcolor>-16777211</backcolor>
      <textcolor>-16777208</textcolor>
      <regex></regex>
      <width>50</width>
      <pos>95</pos>
      <index>95</index>
    </item>
    <item>
      <visible>true</visible>
      <backcolor>-16777211</backcolor>
      <textcolor>-16777208</textcolor>
      <regex></regex>
      <width>50</width>
      <pos>96</pos>
      <index>96</index>
    </item>
    <item>
      <visible>true</visible>
      <backcolor>-16777211</backcolor>
      <textcolor>-16777208</textcolor>
      <regex></regex>
      <width>50</width>
      <pos>97</pos>
      <index>97</index>
    </item>
    <item>
      <visible>true</visible>
      <backcolor>-16777211</backcolor>
      <textcolor>-16777208</textcolor>
      <regex></regex>
      <width>50</width>
      <pos>98</pos>
      <index>98</index>
    </item>
    <item>
      <visible>true</visible>
      <backcolor>-16777211</backcolor>
      <textcolor>-16777208</textcolor>
      <regex></regex>
      <width>50</width>
      <pos>99</pos>
      <index>99</index>
    </item>
    <item>
      <visible>true</visible>
      <backcolor>-16777211</backcolor>
      <textcolor>-16777208</textcolor>
      <regex></regex>
      <width>50</width>
      <pos>100</pos>
      <index>100</index>
    </item>
    <item>
      <visible>true</visible>
      <backcolor>-16777211</backcolor>
      <textcolor>-16777208</textcolor>
      <regex></regex>
      <width>50</width>
      <pos>101</pos>
      <index>101</index>
    </item>
    <item>
      <visible>true</visible>
      <backcolor>-16777211</backcolor>
      <textcolor>-16777208</textcolor>
      <regex></regex>
      <width>50</width>
      <pos>102</pos>
      <index>102</index>
    </item>
    <item>
      <visible>true</visible>
      <backcolor>-16777211</backcolor>
      <textcolor>-16777208</textcolor>
      <regex></regex>
      <width>50</width>
      <pos>103</pos>
      <index>103</index>
    </item>
    <item>
      <visible>true</visible>
      <backcolor>-16777211</backcolor>
      <textcolor>-16777208</textcolor>
      <regex></regex>
      <width>50</width>
      <pos>104</pos>
      <index>104</index>
    </item>
    <item>
      <visible>true</visible>
      <backcolor>-16777211</backcolor>
      <textcolor>-16777208</textcolor>
      <regex></regex>
      <width>50</width>
      <pos>105</pos>
      <index>105</index>
    </item>
    <item>
      <visible>true</visible>
      <backcolor>-16777211</backcolor>
      <textcolor>-16777208</textcolor>
      <regex></regex>
      <width>50</width>
      <pos>106</pos>
      <index>106</index>
    </item>
    <item>
      <visible>true</visible>
      <backcolor>-16777211</backcolor>
      <textcolor>-16777208</textcolor>
      <regex></regex>
      <width>50</width>
      <pos>107</pos>
      <index>107</index>
    </item>
    <item>
      <visible>true</visible>
      <backcolor>-16777211</backcolor>
      <textcolor>-16777208</textcolor>
      <regex></regex>
      <width>50</width>
      <pos>108</pos>
      <index>108</index>
    </item>
    <item>
      <visible>true</visible>
      <backcolor>-16777211</backcolor>
      <textcolor>-16777208</textcolor>
      <regex></regex>
      <width>50</width>
      <pos>109</pos>
      <index>109</index>
    </item>
    <item>
      <visible>true</visible>
      <backcolor>-16777211</backcolor>
      <textcolor>-16777208</textcolor>
      <regex></regex>
      <width>50</width>
      <pos>110</pos>
      <index>110</index>
    </item>
    <item>
      <visible>true</visible>
      <backcolor>-16777211</backcolor>
      <textcolor>-16777208</textcolor>
      <regex></regex>
      <width>50</width>
      <pos>111</pos>
      <index>111</index>
    </item>
    <item>
      <visible>true</visible>
      <backcolor>-16777211</backcolor>
      <textcolor>-16777208</textcolor>
      <regex></regex>
      <width>50</width>
      <pos>112</pos>
      <index>112</index>
    </item>
    <item>
      <visible>true</visible>
      <backcolor>-16777211</backcolor>
      <textcolor>-16777208</textcolor>
      <regex></regex>
      <width>50</width>
      <pos>113</pos>
      <index>113</index>
    </item>
  </columns>
  <autoupdate>
    <prompt>false</prompt>
    <enabled>true</enabled>
    <lastcheck>42126</lastcheck>
  </autoupdate>
</network-scanner-config>
